name,link,picture,sport,location
Stephen Abas,http://www.teamusa.org/usa-wrestling/athletes/Stephen-Abas,/~/media/TeamUSA/Images/Abas_Stephen-wrestling_120x187.jpg?mh=147&mw=124,Wrestling,Fresno
Mason Abbiate,http://www.teamusa.org/para-soccer/athletes/Mason-Abbiate,/~/media/USA_Paralympics/Images/Headshots/Soccer 7aside/2015 Parapan/Abbiate.jpg?mh=147&mw=124,Soccer,
Jeremy Abbott,http://www.teamusa.org/us-figure-skating/athletes/Jeremy-Abbott,/~/media/TeamUSA/Headshots/2014USOlympicTeam/Figure_Skating_Abbott_Jeremy_site.jpg?mh=147&mw=124,U.S. Figure Skating,Aspen
Zachary  Abbott,http://www.teamusa.org/para-track-and-field/athletes/Zachary-Abbott,/~/media/USA_Paralympics/Images/Headshots/Track and Field/abbott_zachary_120x187.jpg?mh=147&mw=124,Track and Field,Portland
Monica Abbott,http://www.teamusa.org/usa-softball/athletes/Monica-Abbott,/~/media/TeamUSA/Images/11Hopefuls/Monica_Abbott.jpg?mh=147&mw=124,Softball,Salinas
Nia Abdallah,http://www.teamusa.org/usa-taekwondo/athletes/Nia-Abdallah,/~/media/TeamUSA/Images/11Hopefuls/Nia_Abdallah.jpg?mh=147&mw=124,Taekwondo,Houston
Abdi Abdirahman,http://www.teamusa.org/usa-track-and-field/athletes/Abdi-Abdirahman,/~/media/TeamUSA/Images/11Hopefuls/Abdirahman_Abdi.jpg?mh=147&mw=124,Track and Field,Mammoth Lakes
Hakeem Abdul-Saboor,http://www.teamusa.org/usa-bobsled-skeleton-federation/athletes/Hakeem-Abdul-Saboor,/~/media/USA_Bobsled_Skeleton/2015-2016 Head Shots/abdulsaboor.jpg?mh=147&mw=124,Bobsled & Skeleton,Powhatan
Brooke Abel,http://www.teamusa.org/usa-synchronized-swimming/athletes/Brooke-Abel,/~/media/TeamUSA/Images/11Hopefuls/Brooke_Abel.jpg?mh=147&mw=124,Synchro,Fallbrook
Garrett Abernethy,http://www.teamusa.org/usa-archery/athletes/Garrett-Abernethy,/~/media/TeamUSA/Images/11Hopefuls/Garrett_Abernethy.jpg?mh=147&mw=124,Archery,Aiken
Stephen Abas,http://www.teamusa.org/usa-wrestling/athletes/Stephen-Abas,/~/media/TeamUSA/Images/Abas_Stephen-wrestling_120x187.jpg?mh=147&mw=124,Wrestling,Fresno
Mason Abbiate,http://www.teamusa.org/para-soccer/athletes/Mason-Abbiate,/~/media/USA_Paralympics/Images/Headshots/Soccer 7aside/2015 Parapan/Abbiate.jpg?mh=147&mw=124,Soccer,
Jeremy Abbott,http://www.teamusa.org/us-figure-skating/athletes/Jeremy-Abbott,/~/media/TeamUSA/Headshots/2014USOlympicTeam/Figure_Skating_Abbott_Jeremy_site.jpg?mh=147&mw=124,U.S. Figure Skating,Aspen
Zachary  Abbott,http://www.teamusa.org/para-track-and-field/athletes/Zachary-Abbott,/~/media/USA_Paralympics/Images/Headshots/Track and Field/abbott_zachary_120x187.jpg?mh=147&mw=124,Track and Field,Portland
Monica Abbott,http://www.teamusa.org/usa-softball/athletes/Monica-Abbott,/~/media/TeamUSA/Images/11Hopefuls/Monica_Abbott.jpg?mh=147&mw=124,Softball,Salinas
Nia Abdallah,http://www.teamusa.org/usa-taekwondo/athletes/Nia-Abdallah,/~/media/TeamUSA/Images/11Hopefuls/Nia_Abdallah.jpg?mh=147&mw=124,Taekwondo,Houston
Abdi Abdirahman,http://www.teamusa.org/usa-track-and-field/athletes/Abdi-Abdirahman,/~/media/TeamUSA/Images/11Hopefuls/Abdirahman_Abdi.jpg?mh=147&mw=124,Track and Field,Mammoth Lakes
Hakeem Abdul-Saboor,http://www.teamusa.org/usa-bobsled-skeleton-federation/athletes/Hakeem-Abdul-Saboor,/~/media/USA_Bobsled_Skeleton/2015-2016 Head Shots/abdulsaboor.jpg?mh=147&mw=124,Bobsled & Skeleton,Powhatan
Brooke Abel,http://www.teamusa.org/usa-synchronized-swimming/athletes/Brooke-Abel,/~/media/TeamUSA/Images/11Hopefuls/Brooke_Abel.jpg?mh=147&mw=124,Synchro,Fallbrook
Garrett Abernethy,http://www.teamusa.org/usa-archery/athletes/Garrett-Abernethy,/~/media/TeamUSA/Images/11Hopefuls/Garrett_Abernethy.jpg?mh=147&mw=124,Archery,Aiken
Farida Abou-Zeida,http://www.teamusa.org/usa-team-handball/athletes/Farida-AbouZeida,/~/media/USA_Team_Handball/Images/Headshots_WNT/WNT_AbouZeida150x250.jpg?mh=147&mw=124,Team Handball,Cairo
Megan Absten,http://www.teamusa.org/para-track-and-field/athletes/Megan-Absten,/~/media/USA_Paralympics/Images/Toronto 2015/Track and Field Headshots/absten_megan_120x187.jpg?mh=147&mw=124,Track and Field,
Samantha Achterberg,http://www.teamusa.org/usa-modern-pentathlon/athletes/Samantha-Achterberg,/~/media/USA_Modern_Pentathlon/athletes/2013 Athlete Images/Achterberg Samantha/Achterberg_Samantha20130626_0070_120x187.jpg?mh=147&mw=124,Pentathlon,Littleton
Petra Acker,http://www.teamusa.org/us-speedskating/athletes/Petra-Acker,/~/media/Images/Defaults/AthleteProfileDefaultImage.jpg?mh=147&mw=124,Speedskating,Saratoga Springs
Amy Acuff,http://www.teamusa.org/usa-track-and-field/athletes/Amy-Acuff,/~/media/TeamUSA/Galleries/Amy Acuff 2012/Acuff_Amy_Headshot.jpg?mh=147&mw=124,Track and Field,Isleton
Lisa Adams,http://www.teamusa.org/usa-canoe-kayak/athletes/Lisa-Adams,/~/media/TeamUSA/Images/11Hopefuls/Lisa_Adams.jpg?mh=147&mw=124,Canoe/Kayak,Durango
Cammile Adams,http://www.teamusa.org/usa-swimming/athletes/Cammile-Adams,/~/media/TeamUSA/Galleries/Cammile Adams 2012/head.jpg?mh=147&mw=124,Swimming,Cypress
Blake Adams,http://www.teamusa.org/para-swimming/athletes/Blake-Adams,/~/media/USA_Paralympics/Images/Headshots/Swimming/2015_CanAms_headshots/Adams_Blake_150x250.jpg?mh=147&mw=124,Swimming,Lakeville
Rachael Adams,http://www.teamusa.org/usa-volleyball/athletes/Rachael-Adams,/~/media/USA_Volleyball/Images/WNT/2013 Head Shots/USAVRachaelAdams.jpg?mh=147&mw=124,Volleyball,Cincinnati
Elva Adams,http://www.teamusa.org/usa-taekwondo/athletes/Elva-Adams,/~/media/USA_Taekwondo/Images/Athlete headshots/2014/Adams120x187.jpg?mh=147&mw=124,Taekwondo,
Adrian Adams,http://www.teamusa.org/usa-bobsled-skeleton-federation/athletes/Adrian-Adams,/~/media/USA_Bobsled_Skeleton/2015-2016 Head Shots/adams.jpg?mh=147&mw=124,Bobsled & Skeleton,Reidsville
Jake Adicoff,http://www.teamusa.org/para-nordic-skiing/athletes/Jake-Adicoff,/~/media/USA_Paralympics/Images/Headshots/Ski/Nordic_Adicoff_Jake_2014 USOC_150x250.jpg?mh=147&mw=124,Nordic Skiing,Sun Valley
Nathan Adrian,http://www.teamusa.org/usa-swimming/athletes/Nathan-Adrian,/~/media/TeamUSA/Images/11Hopefuls/Adrian_N120x187.jpg?mh=147&mw=124,Swimming,Bremerton
Freddy Adu,http://www.teamusa.org/us-soccer/athletes/Freddy-Adu,/~/media/TeamUSA/Images/11Hopefuls/Freddy_Adu.jpg?mh=147&mw=124,Soccer,Potomac
Orie Agbaji,http://www.teamusa.org/usa-volleyball/athletes/Orie-Agbaji,/~/media/USA_Volleyball/Images/Athlete Head Shots/WJNT 2015/USA WJNTT - Orie Agbaji4.jpg?mh=147&mw=124,Volleyball,Kansas City
Ben Agosto,http://www.teamusa.org/us-figure-skating/athletes/Ben-Agosto,/~/media/TeamUSA/Images/11Hopefuls/Ben_Agosto.jpg?mh=147&mw=124,U.S. Figure Skating,Chicago
Ali Aguilar,http://www.teamusa.org/usa-softball/athletes/Ali-Aguilar,/~/media/USA_Softball/Images/Jr Women National Team/2013/Headshots/USA/AguilarAli.JPG?mh=147&mw=124,Softball,Orangevale
Mason Aguirre,http://www.teamusa.org/us-ski-and-snowboard/athletes/Mason-Aguirre,/~/media/TeamUSA/Images/11Hopefuls/Mason_Aguirre.jpg?mh=147&mw=124,Ski and Snowboard,Mammoth
Robyn Ah Mow-Santos,http://www.teamusa.org/usa-volleyball/athletes/Robyn-AhMowSantos,/~/media/TeamUSA/Images/11Hopefuls/Robyn_AhMowSantos.jpg?mh=147&mw=124,Volleyball,Honolulu
Chris Ahrens,http://www.teamusa.org/para-soccer/athletes/Chris-Ahrens,/~/media/USA_Paralympics/Images/Headshots/Soccer 7aside/ahrens_chris_120x187.jpg?mh=147&mw=124,Soccer,Pulaski
Stokes Aitken,http://www.teamusa.org/usa-bobsled-skeleton-federation/athletes/Stokes-Aitken,/~/media/TeamUSA/Images/11Hopefuls/stokes_aitken.jpg?mh=147&mw=124,Bobsled & Skeleton,Salt Lake City
Maureen Ajoku,http://www.teamusa.org/usa-bobsled-skeleton-federation/athletes/Maureen-Ajoku,/~/media/Images/Defaults/AthleteProfileDefaultImage.jpg?mh=147&mw=124,Bobsled & Skeleton,San Jose
Zephaneah Akana,http://www.teamusa.org/usa-roller-sports/athletes/Zephaneah-Akana,/~/media/USA_Rollersports/Images/2015 Team USA/Speed/Bio Pics/Akana Zephaneah 150x250.jpg?mh=147&mw=124,Roller Sports,Evans
Angie Akers,http://www.teamusa.org/usa-volleyball/athletes/Angie-Akers,/~/media/TeamUSA/Images/11Hopefuls/Angie_Akers.jpg?mh=147&mw=124,Volleyball,Fort Wayne
Morolake Akinosun,http://www.teamusa.org/usa-track-and-field/athletes/Morolake-Akinosun,/~/media/TeamUSA/Headshots/Pam Am Games 2015/Track and Field/Athletics_Akinosun_Morolake.jpg?mh=147&mw=124,Track and Field,
Foluke Akinradewo,http://www.teamusa.org/usa-volleyball/athletes/Foluke-Akinradewo,/~/media/USA_Volleyball/Images/Athlete Head Shots/Women Indoor/FolukeAkinradewo-p.jpg?mh=147&mw=124,Volleyball,Plantation
Leilani Akiyama,http://www.teamusa.org/usa-judo/athletes/Leilani-Akiyama,/~/media/USA_Judo/Images/Athlete Headshots/LeilaniAkiyama.jpg?mh=147&mw=124,Judo,Seattle
Cristina Albert,http://www.teamusa.org/para-snowboarding/athletes/Cristina-Albert,/~/media/USA_Paralympics/Images/Headshots/Snowboard/Cristina Albert_150x250.jpg?mh=147&mw=124,Snowboarding,Denver
Torrie Albini,http://www.teamusa.org/usa-field-hockey/athletes/Torrie-Albini,/~/media/USA_Field_Hockey/Headshots/Albini_250headshot.jpg?mh=147&mw=124,Field Hockey,Escondido
Alejandro Albor,http://www.teamusa.org/para-cycling/athletes/Alejandro-Albor,/~/media/TeamUSA/Images/11Hopefuls/Albor__Alejandro.jpg?mh=147&mw=124,Cycling,Elk Grove
